n1,n2,k1,k2,batch_size,value
23.0,38.0,4.0,9.0,113.0,0.5158730158730159
40.0,19.0,8.0,6.0,68.0,0.4722222222222222
21.0,16.0,4.0,3.0,181.0,0.5277777777777778
24.0,17.0,7.0,9.0,202.0,0.5119047619047619
36.0,30.0,5.0,10.0,137.0,0.5476190476190477
11.0,11.0,2.0,9.0,286.0,0.4801587301587302
13.0,40.0,8.0,2.0,278.0,0.4523809523809524
16.0,38.0,2.0,2.0,158.0,0.5198412698412699
